{
  "Ip" : {
    "transaction" : "Ip",
    "sampleCount" : 50,
    "errorCount" : 0,
    "errorPct" : 0.0,
    "meanResTime" : 1686.9799999999993,
    "medianResTime" : 1075.5,
    "minResTime" : 177.0,
    "maxResTime" : 10383.0,
    "pct1ResTime" : 3687.399999999999,
    "pct2ResTime" : 4890.0,
    "pct3ResTime" : 10383.0,
    "throughput" : 0.5071816927696178,
    "receivedKBytesPerSec" : 9.913559597652762,
    "sentKBytesPerSec" : 0.11986129848656983
  },
  "Ip-0" : {
    "transaction" : "Ip-0",
    "sampleCount" : 50,
    "errorCount" : 0,
    "errorPct" : 0.0,
    "meanResTime" : 627.3000000000002,
    "medianResTime" : 418.0,
    "minResTime" : 60.0,
    "maxResTime" : 5658.0,
    "pct1ResTime" : 1362.6999999999996,
    "pct2ResTime" : 2415.849999999994,
    "pct3ResTime" : 5658.0,
    "throughput" : 0.5077637070812727,
    "receivedKBytesPerSec" : 0.513753732063247,
    "sentKBytesPerSec" : 0.05999942241878319
  },
  "Ids-0" : {
    "transaction" : "Ids-0",
    "sampleCount" : 50,
    "errorCount" : 0,
    "errorPct" : 0.0,
    "meanResTime" : 367.9000000000001,
    "medianResTime" : 345.5,
    "minResTime" : 58.0,
    "maxResTime" : 2041.0,
    "pct1ResTime" : 546.0,
    "pct2ResTime" : 804.7999999999988,
    "pct3ResTime" : 2041.0,
    "throughput" : 0.5289661884812323,
    "receivedKBytesPerSec" : 0.5363944441358808,
    "sentKBytesPerSec" : 0.06302136229952181
  },
  "Ip-1" : {
    "transaction" : "Ip-1",
    "sampleCount" : 50,
    "errorCount" : 0,
    "errorPct" : 0.0,
    "meanResTime" : 1059.46,
    "medianResTime" : 603.5,
    "minResTime" : 113.0,
    "maxResTime" : 4725.0,
    "pct1ResTime" : 2710.1,
    "pct2ResTime" : 3668.2999999999956,
    "pct3ResTime" : 4725.0,
    "throughput" : 0.5144773938633137,
    "receivedKBytesPerSec" : 9.535617430751342,
    "sentKBytesPerSec" : 0.060792738923301705
  },
  "Index" : {
    "transaction" : "Index",
    "sampleCount" : 50,
    "errorCount" : 0,
    "errorPct" : 0.0,
    "meanResTime" : 46441.85999999998,
    "medianResTime" : 43964.5,
    "minResTime" : 1524.0,
    "maxResTime" : 124269.0,
    "pct1ResTime" : 82462.3,
    "pct2ResTime" : 95074.39999999998,
    "pct3ResTime" : 124269.0,
    "throughput" : 0.3981462311477759,
    "receivedKBytesPerSec" : 438.9947047173361,
    "sentKBytesPerSec" : 0.096426040356102
  },
  "Challenges-1" : {
    "transaction" : "Challenges-1",
    "sampleCount" : 50,
    "errorCount" : 0,
    "errorPct" : 0.0,
    "meanResTime" : 1917.5399999999997,
    "medianResTime" : 1538.5,
    "minResTime" : 124.0,
    "maxResTime" : 6916.0,
    "pct1ResTime" : 3543.2999999999997,
    "pct2ResTime" : 5934.349999999994,
    "pct3ResTime" : 6916.0,
    "throughput" : 0.4520632165201982,
    "receivedKBytesPerSec" : 11.511869272924125,
    "sentKBytesPerSec" : 0.05694937004990778
  },
  "Cisco-1" : {
    "transaction" : "Cisco-1",
    "sampleCount" : 50,
    "errorCount" : 0,
    "errorPct" : 0.0,
    "meanResTime" : 720.7999999999998,
    "medianResTime" : 398.0,
    "minResTime" : 117.0,
    "maxResTime" : 4889.0,
    "pct1ResTime" : 2412.7999999999997,
    "pct2ResTime" : 3561.599999999993,
    "pct3ResTime" : 4889.0,
    "throughput" : 0.5574633189136154,
    "receivedKBytesPerSec" : 10.366052191109576,
    "sentKBytesPerSec" : 0.06750532377469563
  },
  "Challenges-0" : {
    "transaction" : "Challenges-0",
    "sampleCount" : 50,
    "errorCount" : 0,
    "errorPct" : 0.0,
    "meanResTime" : 586.6800000000001,
    "medianResTime" : 501.5,
    "minResTime" : 61.0,
    "maxResTime" : 2815.0,
    "pct1ResTime" : 1033.4,
    "pct2ResTime" : 1747.799999999998,
    "pct3ResTime" : 2815.0,
    "throughput" : 0.45079565432989227,
    "receivedKBytesPerSec" : 0.4589046933462561,
    "sentKBytesPerSec" : 0.056789686922418064
  },
  "Cisco-0" : {
    "transaction" : "Cisco-0",
    "sampleCount" : 50,
    "errorCount" : 0,
    "errorPct" : 0.0,
    "meanResTime" : 331.1199999999999,
    "medianResTime" : 367.5,
    "minResTime" : 59.0,
    "maxResTime" : 1034.0,
    "pct1ResTime" : 546.5,
    "pct2ResTime" : 672.9999999999991,
    "pct3ResTime" : 1034.0,
    "throughput" : 0.5551176294256752,
    "receivedKBytesPerSec" : 0.564973135776221,
    "sentKBytesPerSec" : 0.06722127543826537
  },
  "Ids-1" : {
    "transaction" : "Ids-1",
    "sampleCount" : 50,
    "errorCount" : 0,
    "errorPct" : 0.0,
    "meanResTime" : 911.7600000000002,
    "medianResTime" : 493.0,
    "minResTime" : 104.0,
    "maxResTime" : 7583.0,
    "pct1ResTime" : 2528.8999999999983,
    "pct2ResTime" : 6552.049999999994,
    "pct3ResTime" : 7583.0,
    "throughput" : 0.530875732608511,
    "receivedKBytesPerSec" : 5.373727391329738,
    "sentKBytesPerSec" : 0.06324886658031088
  },
  "Magic-0" : {
    "transaction" : "Magic-0",
    "sampleCount" : 50,
    "errorCount" : 0,
    "errorPct" : 0.0,
    "meanResTime" : 391.28000000000003,
    "medianResTime" : 377.5,
    "minResTime" : 60.0,
    "maxResTime" : 1563.0,
    "pct1ResTime" : 570.3,
    "pct2ResTime" : 993.0999999999996,
    "pct3ResTime" : 1563.0,
    "throughput" : 0.5334926698107167,
    "receivedKBytesPerSec" : 0.5422869630396279,
    "sentKBytesPerSec" : 0.0646026279848915
  },
  "Fun-1" : {
    "transaction" : "Fun-1",
    "sampleCount" : 50,
    "errorCount" : 0,
    "errorPct" : 0.0,
    "meanResTime" : 654.9,
    "medianResTime" : 487.0,
    "minResTime" : 124.0,
    "maxResTime" : 4214.0,
    "pct1ResTime" : 1583.3,
    "pct2ResTime" : 3056.9499999999966,
    "pct3ResTime" : 4214.0,
    "throughput" : 0.5927893108231472,
    "receivedKBytesPerSec" : 15.038879568923614,
    "sentKBytesPerSec" : 0.07062528898478904
  },
  "About-1" : {
    "transaction" : "About-1",
    "sampleCount" : 50,
    "errorCount" : 0,
    "errorPct" : 0.0,
    "meanResTime" : 604.4000000000001,
    "medianResTime" : 373.0,
    "minResTime" : 103.0,
    "maxResTime" : 4851.0,
    "pct1ResTime" : 1529.8,
    "pct2ResTime" : 2678.4999999999995,
    "pct3ResTime" : 4851.0,
    "throughput" : 0.6040179272520809,
    "receivedKBytesPerSec" : 6.031260570313727,
    "sentKBytesPerSec" : 0.07609210216359222
  },
  "Magic-1" : {
    "transaction" : "Magic-1",
    "sampleCount" : 50,
    "errorCount" : 0,
    "errorPct" : 0.0,
    "meanResTime" : 971.6599999999999,
    "medianResTime" : 530.0,
    "minResTime" : 124.0,
    "maxResTime" : 10270.0,
    "pct1ResTime" : 2388.3999999999996,
    "pct2ResTime" : 3567.7999999999947,
    "pct3ResTime" : 10270.0,
    "throughput" : 0.5354580307995459,
    "receivedKBytesPerSec" : 15.129366660241171,
    "sentKBytesPerSec" : 0.06484062091713251
  },
  "Fun-0" : {
    "transaction" : "Fun-0",
    "sampleCount" : 50,
    "errorCount" : 0,
    "errorPct" : 0.0,
    "meanResTime" : 423.04,
    "medianResTime" : 327.5,
    "minResTime" : 59.0,
    "maxResTime" : 2520.0,
    "pct1ResTime" : 552.1,
    "pct2ResTime" : 1780.9999999999964,
    "pct3ResTime" : 2520.0,
    "throughput" : 0.5839961689851315,
    "receivedKBytesPerSec" : 0.5927789238702594,
    "sentKBytesPerSec" : 0.06957766857049417
  },
  "About-0" : {
    "transaction" : "About-0",
    "sampleCount" : 50,
    "errorCount" : 0,
    "errorPct" : 0.0,
    "meanResTime" : 318.9200000000002,
    "medianResTime" : 255.5,
    "minResTime" : 59.0,
    "maxResTime" : 1837.0,
    "pct1ResTime" : 504.79999999999995,
    "pct2ResTime" : 960.1999999999961,
    "pct3ResTime" : 1837.0,
    "throughput" : 0.601084356178546,
    "receivedKBytesPerSec" : 0.6146439739790581,
    "sentKBytesPerSec" : 0.07572254096389887
  },
  "Cyberdata-0" : {
    "transaction" : "Cyberdata-0",
    "sampleCount" : 50,
    "errorCount" : 0,
    "errorPct" : 0.0,
    "meanResTime" : 356.82,
    "medianResTime" : 306.5,
    "minResTime" : 58.0,
    "maxResTime" : 2003.0,
    "pct1ResTime" : 530.3,
    "pct2ResTime" : 1116.299999999998,
    "pct3ResTime" : 2003.0,
    "throughput" : 0.5639712600245891,
    "receivedKBytesPerSec" : 0.5758565137270605,
    "sentKBytesPerSec" : 0.07049640750307365
  },